timestamp,archive_url,status,distrito,barrio,precio_medio,num_casas_pisos
2020-11-04 18:59:59,https://web.archive.org/web/20201104185959/https://www.idealista.com/alquiler-viviendas/sevilla/centro/puerta-de-la-carne-juderia/,200,centro,puerta-de-la-carne-juderia,"11,22",92
2024-07-16 20:45:22,https://web.archive.org/web/20240716204522/https://www.idealista.com/alquiler-viviendas/sevilla/centro/puerta-de-la-carne-juderia/,200,centro,puerta-de-la-carne-juderia,"13,99",25
2024-09-13 17:07:08,https://web.archive.org/web/20240913170708/https://www.idealista.com/alquiler-viviendas/sevilla/centro/puerta-de-la-carne-juderia/,200,centro,puerta-de-la-carne-juderia,"14,11",9
2024-09-19 08:59:38,https://web.archive.org/web/20240919085938/https://www.idealista.com/alquiler-viviendas/sevilla/centro/puerta-de-la-carne-juderia/,200,centro,puerta-de-la-carne-juderia,"13,42",9
2024-12-30 10:38:47,https://web.archive.org/web/20241230103847/https://www.idealista.com/alquiler-viviendas/sevilla/centro/puerta-de-la-carne-juderia/,200,centro,puerta-de-la-carne-juderia,"13,16",8
2024-03-19 18:25:53,https://web.archive.org/web/20240319182553/https://www.idealista.com/alquiler-viviendas/sevilla/nervion/nervion/,200,nervion,nervion,"14,18",57
2024-05-11 12:29:56,https://web.archive.org/web/20240511122956/https://www.idealista.com/alquiler-viviendas/sevilla/nervion/nervion/,200,nervion,nervion,"13,83",43
2024-07-16 19:05:09,https://web.archive.org/web/20240716190509/https://www.idealista.com/alquiler-viviendas/sevilla/nervion/nervion/,200,nervion,nervion,"13,73",73
2024-08-27 13:24:28,https://web.archive.org/web/20240827132428/https://www.idealista.com/alquiler-viviendas/sevilla/nervion/nervion/,200,nervion,nervion,"13,06",37
2024-09-17 15:26:10,https://web.archive.org/web/20240917152610/https://www.idealista.com/alquiler-viviendas/sevilla/nervion/nervion/,200,nervion,nervion,"13,67",36
2024-11-23 01:58:28,https://web.archive.org/web/20241123015828/https://www.idealista.com/alquiler-viviendas/sevilla/nervion/nervion/,200,nervion,nervion,"13,09",40
2025-01-26 13:42:53,https://web.archive.org/web/20250126134253/https://www.idealista.com/alquiler-viviendas/sevilla/nervion/nervion/,200,nervion,nervion,"14,57",51
2024-04-06 13:41:37,https://web.archive.org/web/20240406134137/https://www.idealista.com/alquiler-viviendas/sevilla/macarena/parlamento-torneo/,200,macarena,parlamento-torneo,"12,98",24
2024-05-11 12:40:06,https://web.archive.org/web/20240511124006/https://www.idealista.com/alquiler-viviendas/sevilla/macarena/parlamento-torneo/,200,macarena,parlamento-torneo,"12,79",29
2024-07-17 04:42:42,https://web.archive.org/web/20240717044242/https://www.idealista.com/alquiler-viviendas/sevilla/macarena/parlamento-torneo/,200,macarena,parlamento-torneo,"11,98",41
2024-08-28 19:06:45,https://web.archive.org/web/20240828190645/https://www.idealista.com/alquiler-viviendas/sevilla/macarena/parlamento-torneo/,200,macarena,parlamento-torneo,"12,67",28
2024-09-19 16:37:45,https://web.archive.org/web/20240919163745/https://www.idealista.com/alquiler-viviendas/sevilla/macarena/parlamento-torneo/,200,macarena,parlamento-torneo,"12,60",25
2024-04-06 20:05:32,https://web.archive.org/web/20240406200532/https://www.idealista.com/alquiler-viviendas/sevilla/macarena/pio-xii/,200,macarena,pio-xii,"10,47",7
2024-05-14 23:43:45,https://web.archive.org/web/20240514234345/https://www.idealista.com/alquiler-viviendas/sevilla/macarena/pio-xii/,200,macarena,pio-xii,"12,52",6
2024-07-17 10:53:11,https://web.archive.org/web/20240717105311/https://www.idealista.com/alquiler-viviendas/sevilla/macarena/pio-xii/,200,macarena,pio-xii,"10,62",16
2024-08-26 20:25:30,https://web.archive.org/web/20240826202530/https://www.idealista.com/alquiler-viviendas/sevilla/macarena/pio-xii/,200,macarena,pio-xii,"9,72",15
2024-09-19 11:59:32,https://web.archive.org/web/20240919115932/https://www.idealista.com/alquiler-viviendas/sevilla/macarena/pio-xii/,200,macarena,pio-xii,"10,54",9
2024-11-23 09:55:11,https://web.archive.org/web/20241123095511/https://www.idealista.com/alquiler-viviendas/sevilla/macarena/pio-xii/,200,macarena,pio-xii,"10,60",3
2024-04-09 05:02:36,https://web.archive.org/web/20240409050236/https://www.idealista.com/alquiler-viviendas/sevilla/triana/ronda-de-triana-patrocinio-turrunuelo/,200,triana,ronda-de-triana-patrocinio-turrunuelo,"13,00",42
2024-07-17 05:39:23,https://web.archive.org/web/20240717053923/https://www.idealista.com/alquiler-viviendas/sevilla/triana/ronda-de-triana-patrocinio-turrunuelo/,200,triana,ronda-de-triana-patrocinio-turrunuelo,"12,65",34
2024-08-22 11:13:34,https://web.archive.org/web/20240822111334/https://www.idealista.com/alquiler-viviendas/sevilla/triana/ronda-de-triana-patrocinio-turrunuelo/,200,triana,ronda-de-triana-patrocinio-turrunuelo,"12,85",54
2024-09-19 20:44:52,https://web.archive.org/web/20240919204452/https://www.idealista.com/alquiler-viviendas/sevilla/triana/ronda-de-triana-patrocinio-turrunuelo/,200,triana,ronda-de-triana-patrocinio-turrunuelo,"13,07",40
2025-01-23 18:01:53,https://web.archive.org/web/20250123180153/https://www.idealista.com/alquiler-viviendas/sevilla/triana/ronda-de-triana-patrocinio-turrunuelo/,200,triana,ronda-de-triana-patrocinio-turrunuelo,"13,32",25
2024-04-09 06:50:32,https://web.archive.org/web/20240409065032/https://www.idealista.com/alquiler-viviendas/sevilla/centro/san-julian/,200,centro,san-julian,"14,63",18
2024-07-16 23:49:17,https://web.archive.org/web/20240716234917/https://www.idealista.com/alquiler-viviendas/sevilla/centro/san-julian/,200,centro,san-julian,"13,43",39
2024-08-23 13:30:19,https://web.archive.org/web/20240823133019/https://www.idealista.com/alquiler-viviendas/sevilla/centro/san-julian/,200,centro,san-julian,"13,46",29
2024-09-17 18:48:22,https://web.archive.org/web/20240917184822/https://www.idealista.com/alquiler-viviendas/sevilla/centro/san-julian/,200,centro,san-julian,"14,08",21
2024-11-25 14:18:39,https://web.archive.org/web/20241125141839/https://www.idealista.com/alquiler-viviendas/sevilla/centro/san-julian/,200,centro,san-julian,"15,77",19
2024-01-02 09:43:25,https://web.archive.org/web/20240102094325/https://www.idealista.com/alquiler-viviendas/sevilla/centro/santa-cruz-alfalfa/,200,centro,santa-cruz-alfalfa,"15,04",71
2024-05-11 12:36:44,https://web.archive.org/web/20240511123644/https://www.idealista.com/alquiler-viviendas/sevilla/centro/santa-cruz-alfalfa/,200,centro,santa-cruz-alfalfa,"15,20",70
2024-07-16 19:11:50,https://web.archive.org/web/20240716191150/https://www.idealista.com/alquiler-viviendas/sevilla/centro/santa-cruz-alfalfa/,200,centro,santa-cruz-alfalfa,"15,35",93
2024-08-23 10:38:18,https://web.archive.org/web/20240823103818/https://www.idealista.com/alquiler-viviendas/sevilla/centro/santa-cruz-alfalfa/,200,centro,santa-cruz-alfalfa,"15,03",81
2024-09-17 13:25:20,https://web.archive.org/web/20240917132520/https://www.idealista.com/alquiler-viviendas/sevilla/centro/santa-cruz-alfalfa/,200,centro,santa-cruz-alfalfa,"15,31",62
2024-11-18 08:10:32,https://web.archive.org/web/20241118081032/https://www.idealista.com/alquiler-viviendas/sevilla/centro/santa-cruz-alfalfa/,200,centro,santa-cruz-alfalfa,"17,36",55
2025-01-24 09:12:28,https://web.archive.org/web/20250124091228/https://www.idealista.com/alquiler-viviendas/sevilla/centro/santa-cruz-alfalfa/,200,centro,santa-cruz-alfalfa,"17,15",74
2022-07-31 00:39:47,https://web.archive.org/web/20220731003947/https://www.idealista.com/alquiler-viviendas/sevilla/macarena/villegas-los-principes/,200,macarena,villegas-los-principes,"9,74",25
2024-05-11 11:56:05,https://web.archive.org/web/20240511115605/https://www.idealista.com/alquiler-viviendas/sevilla/macarena/villegas-los-principes/,200,macarena,villegas-los-principes,"10,33",11
2024-08-28 08:05:55,https://web.archive.org/web/20240828080555/https://www.idealista.com/alquiler-viviendas/sevilla/macarena/villegas-los-principes/,200,macarena,villegas-los-principes,"10,28",20
2024-09-17 10:36:44,https://web.archive.org/web/20240917103644/https://www.idealista.com/alquiler-viviendas/sevilla/macarena/villegas-los-principes/,200,macarena,villegas-los-principes,"10,20",11
2024-12-24 11:37:31,https://web.archive.org/web/20241224113731/https://www.idealista.com/alquiler-viviendas/sevilla/macarena/villegas-los-principes/,200,macarena,villegas-los-principes,"11,54",4
2024-05-11 11:49:22,https://web.archive.org/web/20240511114922/https://www.idealista.com/alquiler-viviendas/sevilla/centro/san-vicente/,200,centro,san-vicente,"14,13",22
2024-07-17 15:08:08,https://web.archive.org/web/20240717150808/https://www.idealista.com/alquiler-viviendas/sevilla/centro/san-vicente/,200,centro,san-vicente,"14,59",30
2024-08-23 13:30:17,https://web.archive.org/web/20240823133017/https://www.idealista.com/alquiler-viviendas/sevilla/centro/san-vicente/,200,centro,san-vicente,"14,48",22
2024-09-17 10:56:43,https://web.archive.org/web/20240917105643/https://www.idealista.com/alquiler-viviendas/sevilla/centro/san-vicente/,200,centro,san-vicente,"14,61",27
2025-01-26 10:12:14,https://web.archive.org/web/20250126101214/https://www.idealista.com/alquiler-viviendas/sevilla/centro/san-vicente/,200,centro,san-vicente,"14,95",28
2024-04-09 01:44:57,https://web.archive.org/web/20240409014457/https://www.idealista.com/alquiler-viviendas/sevilla/la-palmera-los-bermejales/los-bermejales/,200,la-palmera-los-bermejales,los-bermejales,"11,01",13
2024-07-17 00:34:28,https://web.archive.org/web/20240717003428/https://www.idealista.com/alquiler-viviendas/sevilla/la-palmera-los-bermejales/los-bermejales/,200,la-palmera-los-bermejales,los-bermejales,"11,94",16
2024-08-28 10:01:07,https://web.archive.org/web/20240828100107/https://www.idealista.com/alquiler-viviendas/sevilla/la-palmera-los-bermejales/los-bermejales/,200,la-palmera-los-bermejales,los-bermejales,"10,57",22
2024-09-15 20:23:26,https://web.archive.org/web/20240915202326/https://www.idealista.com/alquiler-viviendas/sevilla/la-palmera-los-bermejales/los-bermejales/,200,la-palmera-los-bermejales,los-bermejales,"10,50",15
2024-11-25 16:43:24,https://web.archive.org/web/20241125164324/https://www.idealista.com/alquiler-viviendas/sevilla/la-palmera-los-bermejales/los-bermejales/,200,la-palmera-los-bermejales,los-bermejales,"10,93",15
2024-05-15 09:29:47,https://web.archive.org/web/20240515092947/https://www.idealista.com/alquiler-viviendas/sevilla/triana/calle-betis-pages-del-corro/,200,triana,calle-betis-pages-del-corro,"15,38",42
2024-07-17 05:36:32,https://web.archive.org/web/20240717053632/https://www.idealista.com/alquiler-viviendas/sevilla/triana/calle-betis-pages-del-corro/,200,triana,calle-betis-pages-del-corro,"15,16",55
2024-08-25 12:13:44,https://web.archive.org/web/20240825121344/https://www.idealista.com/alquiler-viviendas/sevilla/triana/calle-betis-pages-del-corro/,200,triana,calle-betis-pages-del-corro,"15,21",57
2024-09-17 12:34:47,https://web.archive.org/web/20240917123447/https://www.idealista.com/alquiler-viviendas/sevilla/triana/calle-betis-pages-del-corro/,200,triana,calle-betis-pages-del-corro,"15,55",52
2024-11-25 06:38:12,https://web.archive.org/web/20241125063812/https://www.idealista.com/alquiler-viviendas/sevilla/triana/calle-betis-pages-del-corro/,200,triana,calle-betis-pages-del-corro,"16,11",33
2025-01-26 18:13:17,https://web.archive.org/web/20250126181317/https://www.idealista.com/alquiler-viviendas/sevilla/triana/calle-betis-pages-del-corro/,200,triana,calle-betis-pages-del-corro,"15,96",38
2024-05-15 08:36:22,https://web.archive.org/web/20240515083622/https://www.idealista.com/alquiler-viviendas/sevilla/san-pablo/san-pablo/,200,san-pablo,san-pablo,"11,22",28
2024-08-24 11:05:36,https://web.archive.org/web/20240824110536/https://www.idealista.com/alquiler-viviendas/sevilla/san-pablo/san-pablo/,200,san-pablo,san-pablo,"11,52",16
2024-09-17 15:13:46,https://web.archive.org/web/20240917151346/https://www.idealista.com/alquiler-viviendas/sevilla/san-pablo/san-pablo/,200,san-pablo,san-pablo,"12,89",13
2025-01-24 13:01:54,https://web.archive.org/web/20250124130154/https://www.idealista.com/alquiler-viviendas/sevilla/san-pablo/san-pablo/,200,san-pablo,san-pablo,"11,93",13
2024-04-08 00:07:33,https://web.archive.org/web/20240408000733/https://www.idealista.com/alquiler-viviendas/sevilla/centro/feria/,200,centro,feria,"16,07",18
2024-11-19 10:42:01,https://web.archive.org/web/20241119104201/https://www.idealista.com/alquiler-viviendas/sevilla/centro/feria/,200,centro,feria,"16,47",18
2025-01-23 18:46:20,https://web.archive.org/web/20250123184620/https://www.idealista.com/alquiler-viviendas/sevilla/centro/feria/,200,centro,feria,"16,96",28
2024-08-28 17:07:39,https://web.archive.org/web/20240828170739/https://www.idealista.com/alquiler-viviendas/sevilla/los-remedios/tablada/,200,los-remedios,tablada,"10,97",4
2024-09-26 14:30:29,https://web.archive.org/web/20240926143029/https://www.idealista.com/alquiler-viviendas/sevilla/los-remedios/tablada/,200,los-remedios,tablada,"9,56",3
2024-11-23 03:41:02,https://web.archive.org/web/20241123034102/https://www.idealista.com/alquiler-viviendas/sevilla/los-remedios/tablada/,200,los-remedios,tablada,"9,96",5
2024-12-23 09:45:54,https://web.archive.org/web/20241223094554/https://www.idealista.com/alquiler-viviendas/sevilla/los-remedios/tablada/,200,los-remedios,tablada,"10,28",4
2024-04-22 04:10:20,https://web.archive.org/web/20240422041020/https://www.idealista.com/alquiler-viviendas/sevilla/sevilla-este/avenida-de-las-ciencias/,200,sevilla-este,avenida-de-las-ciencias,"10,11",22
2024-05-16 19:06:38,https://web.archive.org/web/20240516190638/https://www.idealista.com/alquiler-viviendas/sevilla/sevilla-este/avenida-de-las-ciencias/,200,sevilla-este,avenida-de-las-ciencias,"10,01",32
2024-07-17 03:18:25,https://web.archive.org/web/20240717031825/https://www.idealista.com/alquiler-viviendas/sevilla/sevilla-este/avenida-de-las-ciencias/,200,sevilla-este,avenida-de-las-ciencias,"10,23",40
2024-08-29 16:15:51,https://web.archive.org/web/20240829161551/https://www.idealista.com/alquiler-viviendas/sevilla/sevilla-este/avenida-de-las-ciencias/,200,sevilla-este,avenida-de-las-ciencias,"12,50",27
2024-09-17 18:20:28,https://web.archive.org/web/20240917182028/https://www.idealista.com/alquiler-viviendas/sevilla/sevilla-este/avenida-de-las-ciencias/,200,sevilla-este,avenida-de-las-ciencias,"12,19",29
2024-11-12 22:51:19,https://web.archive.org/web/20241112225119/https://www.idealista.com/alquiler-viviendas/sevilla/sevilla-este/avenida-de-las-ciencias/,200,sevilla-este,avenida-de-las-ciencias,"12,11",28
2024-11-25 03:09:08,https://web.archive.org/web/20241125030908/https://www.idealista.com/alquiler-viviendas/sevilla/sevilla-este/avenida-de-las-ciencias/,200,sevilla-este,avenida-de-las-ciencias,"10,93",19
2024-04-08 20:20:52,https://web.archive.org/web/20240408202052/https://www.idealista.com/alquiler-viviendas/sevilla/cerro-amate/cerro-del-aguila/,200,cerro-amate,cerro-del-aguila,"11,40",18
2024-05-15 10:16:37,https://web.archive.org/web/20240515101637/https://www.idealista.com/alquiler-viviendas/sevilla/cerro-amate/cerro-del-aguila/,200,cerro-amate,cerro-del-aguila,"10,89",17
2024-07-17 05:40:33,https://web.archive.org/web/20240717054033/https://www.idealista.com/alquiler-viviendas/sevilla/cerro-amate/cerro-del-aguila/,200,cerro-amate,cerro-del-aguila,"11,07",33
2024-08-23 12:06:11,https://web.archive.org/web/20240823120611/https://www.idealista.com/alquiler-viviendas/sevilla/cerro-amate/cerro-del-aguila/,200,cerro-amate,cerro-del-aguila,"11,02",28
2024-04-09 11:16:13,https://web.archive.org/web/20240409111613/https://www.idealista.com/alquiler-viviendas/sevilla/centro/encarnacion-las-setas/,200,centro,encarnacion-las-setas,"15,54",20
2024-05-11 11:47:15,https://web.archive.org/web/20240511114715/https://www.idealista.com/alquiler-viviendas/sevilla/centro/encarnacion-las-setas/,200,centro,encarnacion-las-setas,"16,57",33
2024-07-17 01:35:00,https://web.archive.org/web/20240717013500/https://www.idealista.com/alquiler-viviendas/sevilla/centro/encarnacion-las-setas/,200,centro,encarnacion-las-setas,"15,20",37
2024-07-26 03:47:56,https://web.archive.org/web/20240726034756/https://www.idealista.com/alquiler-viviendas/sevilla/centro/encarnacion-las-setas/,200,centro,encarnacion-las-setas,"14,79",36
2024-08-22 09:24:32,https://web.archive.org/web/20240822092432/https://www.idealista.com/alquiler-viviendas/sevilla/centro/encarnacion-las-setas/,200,centro,encarnacion-las-setas,"13,95",32
2024-09-17 19:25:42,https://web.archive.org/web/20240917192542/https://www.idealista.com/alquiler-viviendas/sevilla/centro/encarnacion-las-setas/,200,centro,encarnacion-las-setas,"13,56",35
2024-12-18 05:32:43,https://web.archive.org/web/20241218053243/https://www.idealista.com/alquiler-viviendas/sevilla/centro/encarnacion-las-setas/,200,centro,encarnacion-las-setas,"15,02",52
2025-01-26 15:48:30,https://web.archive.org/web/20250126154830/https://www.idealista.com/alquiler-viviendas/sevilla/centro/encarnacion-las-setas/,200,centro,encarnacion-las-setas,"15,03",42
2024-05-11 15:11:48,https://web.archive.org/web/20240511151148/https://www.idealista.com/alquiler-viviendas/sevilla/nervion/el-juncal-el-plantinar/,200,nervion,el-juncal-el-plantinar,"12,49",16
2024-07-17 02:12:09,https://web.archive.org/web/20240717021209/https://www.idealista.com/alquiler-viviendas/sevilla/nervion/el-juncal-el-plantinar/,200,nervion,el-juncal-el-plantinar,"12,26",39
2024-08-26 14:29:52,https://web.archive.org/web/20240826142952/https://www.idealista.com/alquiler-viviendas/sevilla/nervion/el-juncal-el-plantinar/,200,nervion,el-juncal-el-plantinar,"13,19",26
2024-09-17 14:21:34,https://web.archive.org/web/20240917142134/https://www.idealista.com/alquiler-viviendas/sevilla/nervion/el-juncal-el-plantinar/,200,nervion,el-juncal-el-plantinar,"12,64",30
2024-11-18 05:13:52,https://web.archive.org/web/20241118051352/https://www.idealista.com/alquiler-viviendas/sevilla/nervion/el-juncal-el-plantinar/,200,nervion,el-juncal-el-plantinar,"14,66",11
2025-01-23 18:16:28,https://web.archive.org/web/20250123181628/https://www.idealista.com/alquiler-viviendas/sevilla/nervion/el-juncal-el-plantinar/,200,nervion,el-juncal-el-plantinar,"13,32",14
2024-04-07 05:19:59,https://web.archive.org/web/20240407051959/https://www.idealista.com/alquiler-viviendas/sevilla/la-palmera-los-bermejales/la-palmera-manuel-siurot/,200,la-palmera-los-bermejales,la-palmera-manuel-siurot,"12,20",13
2024-05-11 13:00:54,https://web.archive.org/web/20240511130054/https://www.idealista.com/alquiler-viviendas/sevilla/la-palmera-los-bermejales/la-palmera-manuel-siurot/,200,la-palmera-los-bermejales,la-palmera-manuel-siurot,"12,49",12
2024-07-17 05:49:31,https://web.archive.org/web/20240717054931/https://www.idealista.com/alquiler-viviendas/sevilla/la-palmera-los-bermejales/la-palmera-manuel-siurot/,200,la-palmera-los-bermejales,la-palmera-manuel-siurot,"13,14",16
2024-08-26 11:45:19,https://web.archive.org/web/20240826114519/https://www.idealista.com/alquiler-viviendas/sevilla/la-palmera-los-bermejales/la-palmera-manuel-siurot/,200,la-palmera-los-bermejales,la-palmera-manuel-siurot,"13,12",15
2024-09-26 23:47:52,https://web.archive.org/web/20240926234752/https://www.idealista.com/alquiler-viviendas/sevilla/la-palmera-los-bermejales/la-palmera-manuel-siurot/,200,la-palmera-los-bermejales,la-palmera-manuel-siurot,"13,09",19
2024-11-19 13:03:22,https://web.archive.org/web/20241119130322/https://www.idealista.com/alquiler-viviendas/sevilla/la-palmera-los-bermejales/la-palmera-manuel-siurot/,200,la-palmera-los-bermejales,la-palmera-manuel-siurot,"12,61",9
2024-12-26 12:30:46,https://web.archive.org/web/20241226123046/https://www.idealista.com/alquiler-viviendas/sevilla/la-palmera-los-bermejales/la-palmera-manuel-siurot/,200,la-palmera-los-bermejales,la-palmera-manuel-siurot,"13,17",8
2025-01-26 10:46:25,https://web.archive.org/web/20250126104625/https://www.idealista.com/alquiler-viviendas/sevilla/la-palmera-los-bermejales/la-palmera-manuel-siurot/,200,la-palmera-los-bermejales,la-palmera-manuel-siurot,"13,27",14
2024-04-07 04:18:54,https://web.archive.org/web/20240407041854/https://www.idealista.com/alquiler-viviendas/sevilla/centro/arenal-museo-tetuan/,200,centro,arenal-museo-tetuan,"14,43",80
2024-05-11 12:05:32,https://web.archive.org/web/20240511120532/https://www.idealista.com/alquiler-viviendas/sevilla/centro/arenal-museo-tetuan/,200,centro,arenal-museo-tetuan,"14,46",86
2024-07-17 05:19:29,https://web.archive.org/web/20240717051929/https://www.idealista.com/alquiler-viviendas/sevilla/centro/arenal-museo-tetuan/,200,centro,arenal-museo-tetuan,"15,22",129
2024-08-22 17:38:21,https://web.archive.org/web/20240822173821/https://www.idealista.com/alquiler-viviendas/sevilla/centro/arenal-museo-tetuan/,200,centro,arenal-museo-tetuan,"14,82",112
2024-09-17 14:06:25,https://web.archive.org/web/20240917140625/https://www.idealista.com/alquiler-viviendas/sevilla/centro/arenal-museo-tetuan/,200,centro,arenal-museo-tetuan,"14,80",80
2024-11-18 06:17:23,https://web.archive.org/web/20241118061723/https://www.idealista.com/alquiler-viviendas/sevilla/centro/arenal-museo-tetuan/,200,centro,arenal-museo-tetuan,"15,30",83
2025-01-23 18:50:31,https://web.archive.org/web/20250123185031/https://www.idealista.com/alquiler-viviendas/sevilla/centro/arenal-museo-tetuan/,200,centro,arenal-museo-tetuan,"17,25",59
2024-05-11 11:44:42,https://web.archive.org/web/20240511114442/https://www.idealista.com/alquiler-viviendas/sevilla/sevilla-este/alcalde-l-urunuela-palacio-de-congresos/,200,sevilla-este,alcalde-l-urunuela-palacio-de-congresos,"12,80",15
2024-07-17 05:43:14,https://web.archive.org/web/20240717054314/https://www.idealista.com/alquiler-viviendas/sevilla/sevilla-este/alcalde-l-urunuela-palacio-de-congresos/,200,sevilla-este,alcalde-l-urunuela-palacio-de-congresos,"13,18",13
2024-05-15 13:14:51,https://web.archive.org/web/20240515131451/https://www.idealista.com/alquiler-viviendas/sevilla/triana/lopez-de-gomara/,200,triana,lopez-de-gomara,"13,95",41
2024-07-17 04:13:07,https://web.archive.org/web/20240717041307/https://www.idealista.com/alquiler-viviendas/sevilla/triana/lopez-de-gomara/,200,triana,lopez-de-gomara,"13,03",51
2024-08-23 15:28:00,https://web.archive.org/web/20240823152800/https://www.idealista.com/alquiler-viviendas/sevilla/triana/lopez-de-gomara/,200,triana,lopez-de-gomara,"12,61",51
2024-09-15 22:30:01,https://web.archive.org/web/20240915223001/https://www.idealista.com/alquiler-viviendas/sevilla/triana/lopez-de-gomara/,200,triana,lopez-de-gomara,"12,62",53
2025-01-24 11:27:20,https://web.archive.org/web/20250124112720/https://www.idealista.com/alquiler-viviendas/sevilla/triana/lopez-de-gomara/,200,triana,lopez-de-gomara,"15,24",19
2024-05-15 08:33:30,https://web.archive.org/web/20240515083330/https://www.idealista.com/alquiler-viviendas/sevilla/los-remedios/blas-infante/,200,los-remedios,blas-infante,"10,88",2
2024-10-02 14:13:04,https://web.archive.org/web/20241002141304/https://www.idealista.com/alquiler-viviendas/sevilla/los-remedios/blas-infante/,200,los-remedios,blas-infante,"14,43",2
2024-12-31 11:44:41,https://web.archive.org/web/20241231114441/https://www.idealista.com/alquiler-viviendas/sevilla/los-remedios/blas-infante/,200,los-remedios,blas-infante,"10,66",2
2025-01-24 21:27:15,https://web.archive.org/web/20250124212715/https://www.idealista.com/alquiler-viviendas/sevilla/centro/san-julian/,200,centro,san-julian,"15,37",24
2024-04-08 18:06:33,https://web.archive.org/web/20240408180633/https://www.idealista.com/alquiler-viviendas/sevilla/macarena/los-carteros-san-diego/,200,macarena,los-carteros-san-diego,"10,17",4
2024-07-17 04:39:00,https://web.archive.org/web/20240717043900/https://www.idealista.com/alquiler-viviendas/sevilla/macarena/los-carteros-san-diego/,200,macarena,los-carteros-san-diego,"7,32",2
2024-09-17 14:14:46,https://web.archive.org/web/20240917141446/https://www.idealista.com/alquiler-viviendas/sevilla/macarena/los-carteros-san-diego/,200,macarena,los-carteros-san-diego,"8,97",4
2024-12-08 11:14:15,https://web.archive.org/web/20241208111415/https://www.idealista.com/alquiler-viviendas/sevilla/macarena/los-carteros-san-diego/,200,macarena,los-carteros-san-diego,"7,27",
2024-04-08 21:17:45,https://web.archive.org/web/20240408211745/https://www.idealista.com/alquiler-viviendas/sevilla/sevilla-este/emilio-lemos/,200,sevilla-este,emilio-lemos,"9,76",8
2024-11-26 01:46:02,https://web.archive.org/web/20241126014602/https://www.idealista.com/alquiler-viviendas/sevilla/sevilla-este/emilio-lemos/,200,sevilla-este,emilio-lemos,"9,69",4
2024-04-08 05:32:47,https://web.archive.org/web/20240408053247/https://www.idealista.com/alquiler-viviendas/sevilla/nervion/san-bernardo-avenida-de-cadiz/,200,nervion,san-bernardo-avenida-de-cadiz,"15,44",16
2024-07-17 01:00:27,https://web.archive.org/web/20240717010027/https://www.idealista.com/alquiler-viviendas/sevilla/nervion/san-bernardo-avenida-de-cadiz/,200,nervion,san-bernardo-avenida-de-cadiz,"13,98",17
2024-08-23 12:13:09,https://web.archive.org/web/20240823121309/https://www.idealista.com/alquiler-viviendas/sevilla/nervion/san-bernardo-avenida-de-cadiz/,200,nervion,san-bernardo-avenida-de-cadiz,"13,66",19
2024-09-17 17:22:41,https://web.archive.org/web/20240917172241/https://www.idealista.com/alquiler-viviendas/sevilla/nervion/san-bernardo-avenida-de-cadiz/,200,nervion,san-bernardo-avenida-de-cadiz,"13,95",19
2024-12-16 21:37:18,https://web.archive.org/web/20241216213718/https://www.idealista.com/alquiler-viviendas/sevilla/nervion/san-bernardo-avenida-de-cadiz/,200,nervion,san-bernardo-avenida-de-cadiz,"13,81",12
2025-01-26 18:19:46,https://web.archive.org/web/20250126181946/https://www.idealista.com/alquiler-viviendas/sevilla/nervion/san-bernardo-avenida-de-cadiz/,200,nervion,san-bernardo-avenida-de-cadiz,"15,39",16
2024-04-08 18:06:44,https://web.archive.org/web/20240408180644/https://www.idealista.com/alquiler-viviendas/sevilla/parque-alcosa/parque-alcosa/,200,parque-alcosa,parque-alcosa,"8,51",5
2024-05-16 17:06:32,https://web.archive.org/web/20240516170632/https://www.idealista.com/alquiler-viviendas/sevilla/parque-alcosa/parque-alcosa/,200,parque-alcosa,parque-alcosa,"7,63",5
2024-07-17 01:23:47,https://web.archive.org/web/20240717012347/https://www.idealista.com/alquiler-viviendas/sevilla/parque-alcosa/parque-alcosa/,200,parque-alcosa,parque-alcosa,"9,26",3
2024-08-23 21:04:18,https://web.archive.org/web/20240823210418/https://www.idealista.com/alquiler-viviendas/sevilla/parque-alcosa/parque-alcosa/,200,parque-alcosa,parque-alcosa,"8,70",5
2024-09-30 19:48:44,https://web.archive.org/web/20240930194844/https://www.idealista.com/alquiler-viviendas/sevilla/parque-alcosa/parque-alcosa/,200,parque-alcosa,parque-alcosa,"8,60",6
2024-12-20 20:15:53,https://web.archive.org/web/20241220201553/https://www.idealista.com/alquiler-viviendas/sevilla/parque-alcosa/parque-alcosa/,200,parque-alcosa,parque-alcosa,"9,00",4
2025-01-26 17:43:51,https://web.archive.org/web/20250126174351/https://www.idealista.com/alquiler-viviendas/sevilla/parque-alcosa/parque-alcosa/,200,parque-alcosa,parque-alcosa,"9,56",2
2024-08-23 15:14:16,https://web.archive.org/web/20240823151416/https://www.idealista.com/alquiler-viviendas/sevilla/triana/barrio-leon/,200,triana,barrio-leon,"13,99",9
2024-09-23 10:18:11,https://web.archive.org/web/20240923101811/https://www.idealista.com/alquiler-viviendas/sevilla/triana/barrio-leon/,200,triana,barrio-leon,"13,38",7
2024-11-17 05:46:10,https://web.archive.org/web/20241117054610/https://www.idealista.com/alquiler-viviendas/sevilla/triana/barrio-leon/,200,triana,barrio-leon,"14,69",5
2024-12-24 06:57:53,https://web.archive.org/web/20241224065753/https://www.idealista.com/alquiler-viviendas/sevilla/triana/barrio-leon/,200,triana,barrio-leon,"14,71",3
2025-01-26 17:27:30,https://web.archive.org/web/20250126172730/https://www.idealista.com/alquiler-viviendas/sevilla/triana/barrio-leon/,200,triana,barrio-leon,"13,91",4
2024-04-09 13:04:13,https://web.archive.org/web/20240409130413/https://www.idealista.com/alquiler-viviendas/sevilla/nervion/luis-montoto-santa-justa/,200,nervion,luis-montoto-santa-justa,"12,67",14
2024-05-11 12:04:08,https://web.archive.org/web/20240511120408/https://www.idealista.com/alquiler-viviendas/sevilla/nervion/luis-montoto-santa-justa/,200,nervion,luis-montoto-santa-justa,"12,55",25
2024-07-17 02:56:52,https://web.archive.org/web/20240717025652/https://www.idealista.com/alquiler-viviendas/sevilla/nervion/luis-montoto-santa-justa/,200,nervion,luis-montoto-santa-justa,"13,28",25
2024-08-22 20:23:54,https://web.archive.org/web/20240822202354/https://www.idealista.com/alquiler-viviendas/sevilla/nervion/luis-montoto-santa-justa/,200,nervion,luis-montoto-santa-justa,"13,11",33
2024-09-17 13:32:38,https://web.archive.org/web/20240917133238/https://www.idealista.com/alquiler-viviendas/sevilla/nervion/luis-montoto-santa-justa/,200,nervion,luis-montoto-santa-justa,"13,35",32
2024-11-25 18:00:22,https://web.archive.org/web/20241125180022/https://www.idealista.com/alquiler-viviendas/sevilla/nervion/luis-montoto-santa-justa/,200,nervion,luis-montoto-santa-justa,"12,94",16
2024-12-20 10:24:42,https://web.archive.org/web/20241220102442/https://www.idealista.com/alquiler-viviendas/sevilla/nervion/luis-montoto-santa-justa/,200,nervion,luis-montoto-santa-justa,"13,82",19
2025-01-24 21:30:57,https://web.archive.org/web/20250124213057/https://www.idealista.com/alquiler-viviendas/sevilla/nervion/luis-montoto-santa-justa/,200,nervion,luis-montoto-santa-justa,"13,00",25
2024-04-06 21:45:50,https://web.archive.org/web/20240406214550/https://www.idealista.com/alquiler-viviendas/sevilla/pino-montano/pino-montano/,200,pino-montano,pino-montano,"8,10",3
2024-05-11 11:49:36,https://web.archive.org/web/20240511114936/https://www.idealista.com/alquiler-viviendas/sevilla/pino-montano/pino-montano/,200,pino-montano,pino-montano,"7,81",2
2024-09-17 12:10:29,https://web.archive.org/web/20240917121029/https://www.idealista.com/alquiler-viviendas/sevilla/pino-montano/pino-montano/,200,pino-montano,pino-montano,"8,80",7
2024-11-18 21:27:43,https://web.archive.org/web/20241118212743/https://www.idealista.com/alquiler-viviendas/sevilla/pino-montano/pino-montano/,200,pino-montano,pino-montano,"9,18",8
2025-01-23 16:13:53,https://web.archive.org/web/20250123161353/https://www.idealista.com/alquiler-viviendas/sevilla/pino-montano/pino-montano/,200,pino-montano,pino-montano,"9,08",5
2023-06-12 21:53:04,https://web.archive.org/web/20230612215304/https://www.idealista.com/alquiler-viviendas/barcelona/sants-montjuic/sants/,200,sants-montjuic,sants,"21,95",112
2024-04-09 10:36:59,https://web.archive.org/web/20240409103659/https://www.idealista.com/alquiler-viviendas/barcelona/sants-montjuic/sants/,200,sants-montjuic,sants,"29,23",84
2024-05-11 12:52:50,https://web.archive.org/web/20240511125250/https://www.idealista.com/alquiler-viviendas/barcelona/sants-montjuic/sants/,200,sants-montjuic,sants,"28,06",25
2024-07-17 04:18:49,https://web.archive.org/web/20240717041849/https://www.idealista.com/alquiler-viviendas/barcelona/sants-montjuic/sants/,200,sants-montjuic,sants,"26,79",78
2024-08-22 12:52:20,https://web.archive.org/web/20240822125220/https://www.idealista.com/alquiler-viviendas/barcelona/sants-montjuic/sants/,200,sants-montjuic,sants,"32,19",66
2024-09-17 11:50:40,https://web.archive.org/web/20240917115040/https://www.idealista.com/alquiler-viviendas/barcelona/sants-montjuic/sants/,200,sants-montjuic,sants,"31,05",64
2024-11-19 05:19:45,https://web.archive.org/web/20241119051945/https://www.idealista.com/alquiler-viviendas/barcelona/sants-montjuic/sants/,200,sants-montjuic,sants,"29,13",60
2024-12-16 21:58:34,https://web.archive.org/web/20241216215834/https://www.idealista.com/alquiler-viviendas/barcelona/sants-montjuic/sants/,200,sants-montjuic,sants,"26,74",67
2025-01-23 16:04:44,https://web.archive.org/web/20250123160444/https://www.idealista.com/alquiler-viviendas/barcelona/sants-montjuic/sants/,200,sants-montjuic,sants,"29,92",68
2024-05-15 00:04:13,https://web.archive.org/web/20240515000413/https://www.idealista.com/alquiler-viviendas/sevilla/la-palmera-los-bermejales/bami-pineda/,200,la-palmera-los-bermejales,bami-pineda,"10,99",27
2024-07-17 05:32:11,https://web.archive.org/web/20240717053211/https://www.idealista.com/alquiler-viviendas/sevilla/la-palmera-los-bermejales/bami-pineda/,200,la-palmera-los-bermejales,bami-pineda,"11,62",42
2024-08-22 10:25:49,https://web.archive.org/web/20240822102549/https://www.idealista.com/alquiler-viviendas/sevilla/la-palmera-los-bermejales/bami-pineda/,200,la-palmera-los-bermejales,bami-pineda,"11,60",39
2025-01-23 18:46:54,https://web.archive.org/web/20250123184654/https://www.idealista.com/alquiler-viviendas/sevilla/la-palmera-los-bermejales/bami-pineda/,200,la-palmera-los-bermejales,bami-pineda,"11,64",32
2024-09-17 15:25:11,https://web.archive.org/web/20240917152511/https://www.idealista.com/alquiler-viviendas/sevilla/cerro-amate/cerro-del-aguila/,200,cerro-amate,cerro-del-aguila,"11,04",25
2024-04-07 08:43:45,https://web.archive.org/web/20240407084345/https://www.idealista.com/alquiler-viviendas/sevilla/centro/plaza-de-la-gavidia-san-lorenzo/,200,centro,plaza-de-la-gavidia-san-lorenzo,"15,57",15
2024-05-11 11:42:29,https://web.archive.org/web/20240511114229/https://www.idealista.com/alquiler-viviendas/sevilla/centro/plaza-de-la-gavidia-san-lorenzo/,200,centro,plaza-de-la-gavidia-san-lorenzo,"13,54",25
2024-07-17 01:39:33,https://web.archive.org/web/20240717013933/https://www.idealista.com/alquiler-viviendas/sevilla/centro/plaza-de-la-gavidia-san-lorenzo/,200,centro,plaza-de-la-gavidia-san-lorenzo,"14,22",28
2024-09-01 08:46:58,https://web.archive.org/web/20240901084658/https://www.idealista.com/alquiler-viviendas/sevilla/centro/plaza-de-la-gavidia-san-lorenzo/,200,centro,plaza-de-la-gavidia-san-lorenzo,"14,45",26
2024-09-17 15:37:40,https://web.archive.org/web/20240917153740/https://www.idealista.com/alquiler-viviendas/sevilla/centro/plaza-de-la-gavidia-san-lorenzo/,200,centro,plaza-de-la-gavidia-san-lorenzo,"15,81",25
2024-11-12 22:51:45,https://web.archive.org/web/20241112225145/https://www.idealista.com/alquiler-viviendas/sevilla/centro/plaza-de-la-gavidia-san-lorenzo/,200,centro,plaza-de-la-gavidia-san-lorenzo,"16,36",26
2024-11-19 05:33:12,https://web.archive.org/web/20241119053312/https://www.idealista.com/alquiler-viviendas/sevilla/centro/plaza-de-la-gavidia-san-lorenzo/,200,centro,plaza-de-la-gavidia-san-lorenzo,"16,78",26
2025-01-24 22:08:41,https://web.archive.org/web/20250124220841/https://www.idealista.com/alquiler-viviendas/sevilla/centro/plaza-de-la-gavidia-san-lorenzo/,200,centro,plaza-de-la-gavidia-san-lorenzo,"14,45",30
2023-12-16 14:38:01,https://web.archive.org/web/20231216143801/https://www.idealista.com/alquiler-viviendas/sevilla/santa-justa-miraflores-cruz-roja/la-salle-avd-manuel-del-valle-las-naciones/,200,santa-justa-miraflores-cruz-roja,la-salle-avd-manuel-del-valle-las-naciones,"8,26",2
2024-05-15 12:08:52,https://web.archive.org/web/20240515120852/https://www.idealista.com/alquiler-viviendas/sevilla/santa-justa-miraflores-cruz-roja/la-salle-avd-manuel-del-valle-las-naciones/,200,santa-justa-miraflores-cruz-roja,la-salle-avd-manuel-del-valle-las-naciones,"10,29",3
2024-09-19 18:07:09,https://web.archive.org/web/20240919180709/https://www.idealista.com/alquiler-viviendas/sevilla/santa-justa-miraflores-cruz-roja/la-salle-avd-manuel-del-valle-las-naciones/,200,santa-justa-miraflores-cruz-roja,la-salle-avd-manuel-del-valle-las-naciones,"9,97",3
2024-11-19 22:50:25,https://web.archive.org/web/20241119225025/https://www.idealista.com/alquiler-viviendas/sevilla/macarena/parlamento-torneo/,200,macarena,parlamento-torneo,"11,75",19
2024-08-27 17:30:43,https://web.archive.org/web/20240827173043/https://www.idealista.com/alquiler-viviendas/sevilla/cerro-amate/rochelambert/,200,cerro-amate,rochelambert,"9,59",12
2024-09-19 08:59:23,https://web.archive.org/web/20240919085923/https://www.idealista.com/alquiler-viviendas/sevilla/cerro-amate/rochelambert/,200,cerro-amate,rochelambert,"9,83",8
2024-09-17 10:41:41,https://web.archive.org/web/20240917104141/https://www.idealista.com/alquiler-viviendas/sevilla/cerro-amate/palmete-padre-pio-hacienda-san-antonio/,200,cerro-amate,palmete-padre-pio-hacienda-san-antonio,"8,13",5
2024-11-11 21:33:03,https://web.archive.org/web/20241111213303/https://www.idealista.com/alquiler-viviendas/sevilla/cerro-amate/palmete-padre-pio-hacienda-san-antonio/,200,cerro-amate,palmete-padre-pio-hacienda-san-antonio,"10,51",8
2024-04-09 07:21:21,https://web.archive.org/web/20240409072121/https://www.idealista.com/alquiler-viviendas/sevilla/los-remedios/plaza-de-cuba-republica-argentina/,200,los-remedios,plaza-de-cuba-republica-argentina,"13,54",21
2024-05-16 14:15:42,https://web.archive.org/web/20240516141542/https://www.idealista.com/alquiler-viviendas/sevilla/los-remedios/plaza-de-cuba-republica-argentina/,200,los-remedios,plaza-de-cuba-republica-argentina,"13,47",23
2024-07-16 23:44:14,https://web.archive.org/web/20240716234414/https://www.idealista.com/alquiler-viviendas/sevilla/los-remedios/plaza-de-cuba-republica-argentina/,200,los-remedios,plaza-de-cuba-republica-argentina,"16,03",31
2024-08-27 09:52:58,https://web.archive.org/web/20240827095258/https://www.idealista.com/alquiler-viviendas/sevilla/los-remedios/plaza-de-cuba-republica-argentina/,200,los-remedios,plaza-de-cuba-republica-argentina,"13,61",22
2024-09-26 14:38:28,https://web.archive.org/web/20240926143828/https://www.idealista.com/alquiler-viviendas/sevilla/los-remedios/plaza-de-cuba-republica-argentina/,200,los-remedios,plaza-de-cuba-republica-argentina,"13,76",16
2025-01-26 11:56:47,https://web.archive.org/web/20250126115647/https://www.idealista.com/alquiler-viviendas/sevilla/los-remedios/plaza-de-cuba-republica-argentina/,200,los-remedios,plaza-de-cuba-republica-argentina,"14,04",19
2024-04-09 02:14:12,https://web.archive.org/web/20240409021412/https://www.idealista.com/alquiler-viviendas/sevilla/los-remedios/parque-de-los-principes-calle-niebla/,200,los-remedios,parque-de-los-principes-calle-niebla,"13,36",15
2024-07-17 03:10:02,https://web.archive.org/web/20240717031002/https://www.idealista.com/alquiler-viviendas/sevilla/los-remedios/parque-de-los-principes-calle-niebla/,200,los-remedios,parque-de-los-principes-calle-niebla,"13,62",14
2024-08-26 19:12:28,https://web.archive.org/web/20240826191228/https://www.idealista.com/alquiler-viviendas/sevilla/los-remedios/parque-de-los-principes-calle-niebla/,200,los-remedios,parque-de-los-principes-calle-niebla,"12,50",9
2024-09-19 10:38:25,https://web.archive.org/web/20240919103825/https://www.idealista.com/alquiler-viviendas/sevilla/los-remedios/parque-de-los-principes-calle-niebla/,200,los-remedios,parque-de-los-principes-calle-niebla,"12,02",17
2024-12-20 21:56:46,https://web.archive.org/web/20241220215646/https://www.idealista.com/alquiler-viviendas/sevilla/los-remedios/parque-de-los-principes-calle-niebla/,200,los-remedios,parque-de-los-principes-calle-niebla,"12,81",5
2025-01-23 18:10:48,https://web.archive.org/web/20250123181048/https://www.idealista.com/alquiler-viviendas/sevilla/los-remedios/parque-de-los-principes-calle-niebla/,200,los-remedios,parque-de-los-principes-calle-niebla,"14,18",13
2024-04-07 09:22:42,https://web.archive.org/web/20240407092242/https://www.idealista.com/alquiler-viviendas/sevilla/santa-justa-miraflores-cruz-roja/cruz-roja-capuchinos/,200,santa-justa-miraflores-cruz-roja,cruz-roja-capuchinos,"11,36",13
2024-07-17 07:27:52,https://web.archive.org/web/20240717072752/https://www.idealista.com/alquiler-viviendas/sevilla/santa-justa-miraflores-cruz-roja/cruz-roja-capuchinos/,200,santa-justa-miraflores-cruz-roja,cruz-roja-capuchinos,"10,66",16
2024-08-23 10:59:40,https://web.archive.org/web/20240823105940/https://www.idealista.com/alquiler-viviendas/sevilla/santa-justa-miraflores-cruz-roja/cruz-roja-capuchinos/,200,santa-justa-miraflores-cruz-roja,cruz-roja-capuchinos,"11,00",18
2024-10-05 00:57:55,https://web.archive.org/web/20241005005755/https://www.idealista.com/alquiler-viviendas/sevilla/santa-justa-miraflores-cruz-roja/cruz-roja-capuchinos/,200,santa-justa-miraflores-cruz-roja,cruz-roja-capuchinos,"10,86",20
2024-11-19 10:32:15,https://web.archive.org/web/20241119103215/https://www.idealista.com/alquiler-viviendas/sevilla/santa-justa-miraflores-cruz-roja/cruz-roja-capuchinos/,200,santa-justa-miraflores-cruz-roja,cruz-roja-capuchinos,"12,31",10
2024-10-07 17:01:04,https://web.archive.org/web/20241007170104/https://www.idealista.com/alquiler-viviendas/sevilla/torreblanca/torreblanca/,200,torreblanca,torreblanca,"13,54",
2024-12-03 01:00:16,https://web.archive.org/web/20241203010016/https://www.idealista.com/alquiler-viviendas/sevilla/torreblanca/torreblanca/,200,torreblanca,torreblanca,"12,99",
2024-12-17 14:50:08,https://web.archive.org/web/20241217145008/https://www.idealista.com/alquiler-viviendas/sevilla/torreblanca/torreblanca/,200,torreblanca,torreblanca,"15,77",2
2024-05-16 12:15:16,https://web.archive.org/web/20240516121516/https://www.idealista.com/alquiler-viviendas/sevilla/bellavista-jardines-de-hercules/bellavista/,200,bellavista-jardines-de-hercules,bellavista,"9,44",15
2024-07-17 00:45:29,https://web.archive.org/web/20240717004529/https://www.idealista.com/alquiler-viviendas/sevilla/bellavista-jardines-de-hercules/bellavista/,200,bellavista-jardines-de-hercules,bellavista,"9,50",9
2024-08-28 09:40:22,https://web.archive.org/web/20240828094022/https://www.idealista.com/alquiler-viviendas/sevilla/bellavista-jardines-de-hercules/bellavista/,200,bellavista-jardines-de-hercules,bellavista,"10,18",11
2024-09-21 08:12:26,https://web.archive.org/web/20240921081226/https://www.idealista.com/alquiler-viviendas/sevilla/bellavista-jardines-de-hercules/bellavista/,200,bellavista-jardines-de-hercules,bellavista,"10,86",17
2025-01-23 18:53:12,https://web.archive.org/web/20250123185312/https://www.idealista.com/alquiler-viviendas/sevilla/bellavista-jardines-de-hercules/bellavista/,200,bellavista-jardines-de-hercules,bellavista,"10,19",10
2024-05-11 12:18:04,https://web.archive.org/web/20240511121804/https://www.idealista.com/alquiler-viviendas/sevilla/san-jeronimo/san-jeronimo/,200,san-jeronimo,san-jeronimo,"8,84",7
2024-07-17 15:55:55,https://web.archive.org/web/20240717155555/https://www.idealista.com/alquiler-viviendas/sevilla/san-jeronimo/san-jeronimo/,200,san-jeronimo,san-jeronimo,"10,86",10
2024-08-28 09:21:19,https://web.archive.org/web/20240828092119/https://www.idealista.com/alquiler-viviendas/sevilla/san-jeronimo/san-jeronimo/,200,san-jeronimo,san-jeronimo,"9,19",9
2024-10-04 11:50:05,https://web.archive.org/web/20241004115005/https://www.idealista.com/alquiler-viviendas/sevilla/san-jeronimo/san-jeronimo/,200,san-jeronimo,san-jeronimo,"9,80",7
2025-01-14 15:21:26,https://web.archive.org/web/20250114152126/https://www.idealista.com/alquiler-viviendas/sevilla/san-jeronimo/san-jeronimo/,200,san-jeronimo,san-jeronimo,"10,25",9
2025-01-26 22:44:37,https://web.archive.org/web/20250126224437/https://www.idealista.com/alquiler-viviendas/sevilla/san-jeronimo/san-jeronimo/,200,san-jeronimo,san-jeronimo,"10,09",11
2024-04-07 02:29:35,https://web.archive.org/web/20240407022935/https://www.idealista.com/alquiler-viviendas/sevilla/prado-de-san-sebastian-felipe-ii-bueno-monreal/el-porvenir/,200,prado-de-san-sebastian-felipe-ii-bueno-monreal,el-porvenir,"11,43",7
2024-05-15 00:05:14,https://web.archive.org/web/20240515000514/https://www.idealista.com/alquiler-viviendas/sevilla/prado-de-san-sebastian-felipe-ii-bueno-monreal/el-porvenir/,200,prado-de-san-sebastian-felipe-ii-bueno-monreal,el-porvenir,"12,63",10
2024-07-16 20:42:21,https://web.archive.org/web/20240716204221/https://www.idealista.com/alquiler-viviendas/sevilla/prado-de-san-sebastian-felipe-ii-bueno-monreal/el-porvenir/,200,prado-de-san-sebastian-felipe-ii-bueno-monreal,el-porvenir,"14,49",13
2024-08-24 17:12:25,https://web.archive.org/web/20240824171225/https://www.idealista.com/alquiler-viviendas/sevilla/prado-de-san-sebastian-felipe-ii-bueno-monreal/el-porvenir/,200,prado-de-san-sebastian-felipe-ii-bueno-monreal,el-porvenir,"11,07",12
2024-09-26 12:47:16,https://web.archive.org/web/20240926124716/https://www.idealista.com/alquiler-viviendas/sevilla/prado-de-san-sebastian-felipe-ii-bueno-monreal/el-porvenir/,200,prado-de-san-sebastian-felipe-ii-bueno-monreal,el-porvenir,"9,61",5
2024-04-06 21:03:03,https://web.archive.org/web/20240406210303/https://www.idealista.com/alquiler-viviendas/sevilla/prado-de-san-sebastian-felipe-ii-bueno-monreal/tiro-de-linea/,200,prado-de-san-sebastian-felipe-ii-bueno-monreal,tiro-de-linea,"12,12",26
2024-05-11 13:27:09,https://web.archive.org/web/20240511132709/https://www.idealista.com/alquiler-viviendas/sevilla/prado-de-san-sebastian-felipe-ii-bueno-monreal/tiro-de-linea/,200,prado-de-san-sebastian-felipe-ii-bueno-monreal,tiro-de-linea,"12,95",37
2024-07-17 01:03:24,https://web.archive.org/web/20240717010324/https://www.idealista.com/alquiler-viviendas/sevilla/prado-de-san-sebastian-felipe-ii-bueno-monreal/tiro-de-linea/,200,prado-de-san-sebastian-felipe-ii-bueno-monreal,tiro-de-linea,"13,34",44
2024-08-22 12:24:40,https://web.archive.org/web/20240822122440/https://www.idealista.com/alquiler-viviendas/sevilla/prado-de-san-sebastian-felipe-ii-bueno-monreal/tiro-de-linea/,200,prado-de-san-sebastian-felipe-ii-bueno-monreal,tiro-de-linea,"13,01",37
2024-11-25 19:32:28,https://web.archive.org/web/20241125193228/https://www.idealista.com/alquiler-viviendas/sevilla/prado-de-san-sebastian-felipe-ii-bueno-monreal/tiro-de-linea/,200,prado-de-san-sebastian-felipe-ii-bueno-monreal,tiro-de-linea,"13,73",21
2025-01-26 11:12:35,https://web.archive.org/web/20250126111235/https://www.idealista.com/alquiler-viviendas/sevilla/prado-de-san-sebastian-felipe-ii-bueno-monreal/tiro-de-linea/,200,prado-de-san-sebastian-felipe-ii-bueno-monreal,tiro-de-linea,"14,28",20
2024-09-17 10:27:39,https://web.archive.org/web/20240917102739/https://www.idealista.com/alquiler-viviendas/sevilla/la-palmera-los-bermejales/bami-pineda/,200,la-palmera-los-bermejales,bami-pineda,"11,41",30
2024-12-16 22:22:32,https://web.archive.org/web/20241216222232/https://www.idealista.com/alquiler-viviendas/sevilla/la-palmera-los-bermejales/bami-pineda/,200,la-palmera-los-bermejales,bami-pineda,"12,50",18
2024-04-08 17:58:20,https://web.archive.org/web/20240408175820/https://www.idealista.com/alquiler-viviendas/sevilla/prado-de-san-sebastian-felipe-ii-bueno-monreal/prado-de-san-sebastian-ramon-carande/,200,prado-de-san-sebastian-felipe-ii-bueno-monreal,prado-de-san-sebastian-ramon-carande,"12,81",14
2024-08-22 16:43:31,https://web.archive.org/web/20240822164331/https://www.idealista.com/alquiler-viviendas/sevilla/prado-de-san-sebastian-felipe-ii-bueno-monreal/prado-de-san-sebastian-ramon-carande/,200,prado-de-san-sebastian-felipe-ii-bueno-monreal,prado-de-san-sebastian-ramon-carande,"13,45",11
2024-09-18 12:25:16,https://web.archive.org/web/20240918122516/https://www.idealista.com/alquiler-viviendas/sevilla/prado-de-san-sebastian-felipe-ii-bueno-monreal/prado-de-san-sebastian-ramon-carande/,200,prado-de-san-sebastian-felipe-ii-bueno-monreal,prado-de-san-sebastian-ramon-carande,"12,18",13
2025-01-27 09:49:30,https://web.archive.org/web/20250127094930/https://www.idealista.com/alquiler-viviendas/sevilla/prado-de-san-sebastian-felipe-ii-bueno-monreal/prado-de-san-sebastian-ramon-carande/,200,prado-de-san-sebastian-felipe-ii-bueno-monreal,prado-de-san-sebastian-ramon-carande,"13,12",14
2024-05-11 11:43:13,https://web.archive.org/web/20240511114313/https://www.idealista.com/alquiler-viviendas/sevilla/centro/puerta-carmona-puerta-osario-amador-de-los-rios/,200,centro,puerta-carmona-puerta-osario-amador-de-los-rios,"14,38",35
2024-07-17 05:31:15,https://web.archive.org/web/20240717053115/https://www.idealista.com/alquiler-viviendas/sevilla/centro/puerta-carmona-puerta-osario-amador-de-los-rios/,200,centro,puerta-carmona-puerta-osario-amador-de-los-rios,"14,57",69
2024-08-22 09:54:30,https://web.archive.org/web/20240822095430/https://www.idealista.com/alquiler-viviendas/sevilla/centro/puerta-carmona-puerta-osario-amador-de-los-rios/,200,centro,puerta-carmona-puerta-osario-amador-de-los-rios,"14,80",49
2024-09-18 08:52:27,https://web.archive.org/web/20240918085227/https://www.idealista.com/alquiler-viviendas/sevilla/centro/puerta-carmona-puerta-osario-amador-de-los-rios/,200,centro,puerta-carmona-puerta-osario-amador-de-los-rios,"15,90",38
2025-01-24 11:57:00,https://web.archive.org/web/20250124115700/https://www.idealista.com/alquiler-viviendas/sevilla/centro/puerta-carmona-puerta-osario-amador-de-los-rios/,200,centro,puerta-carmona-puerta-osario-amador-de-los-rios,"15,61",40
2024-11-17 08:05:58,https://web.archive.org/web/20241117080558/https://www.idealista.com/alquiler-viviendas/sevilla/cerro-amate/cerro-del-aguila/,200,cerro-amate,cerro-del-aguila,"10,71",14
2025-01-23 18:50:26,https://web.archive.org/web/20250123185026/https://www.idealista.com/alquiler-viviendas/sevilla/cerro-amate/cerro-del-aguila/,200,cerro-amate,cerro-del-aguila,"10,49",17
2024-05-16 11:46:20,https://web.archive.org/web/20240516114620/https://www.idealista.com/alquiler-viviendas/sevilla/nervion/la-florida/,200,nervion,la-florida,"15,14",4
2024-07-17 01:36:38,https://web.archive.org/web/20240717013638/https://www.idealista.com/alquiler-viviendas/sevilla/nervion/la-florida/,200,nervion,la-florida,"15,14",6
2024-09-10 01:30:34,https://web.archive.org/web/20240910013034/https://www.idealista.com/alquiler-viviendas/sevilla/nervion/la-florida/,200,nervion,la-florida,"13,43",8
2024-09-20 18:38:01,https://web.archive.org/web/20240920183801/https://www.idealista.com/alquiler-viviendas/sevilla/nervion/la-florida/,200,nervion,la-florida,"14,46",8
2024-11-23 07:24:09,https://web.archive.org/web/20241123072409/https://www.idealista.com/alquiler-viviendas/sevilla/nervion/la-florida/,200,nervion,la-florida,"14,10",9
2024-12-15 19:06:06,https://web.archive.org/web/20241215190606/https://www.idealista.com/alquiler-viviendas/sevilla/nervion/la-florida/,200,nervion,la-florida,"15,12",10
2024-04-09 13:26:51,https://web.archive.org/web/20240409132651/https://www.idealista.com/alquiler-viviendas/sevilla/centro/alameda/,200,centro,alameda,"16,75",35
2024-05-11 11:47:21,https://web.archive.org/web/20240511114721/https://www.idealista.com/alquiler-viviendas/sevilla/centro/alameda/,200,centro,alameda,"16,02",39
2024-07-17 00:03:08,https://web.archive.org/web/20240717000308/https://www.idealista.com/alquiler-viviendas/sevilla/centro/alameda/,200,centro,alameda,"16,45",35
2024-08-22 11:38:40,https://web.archive.org/web/20240822113840/https://www.idealista.com/alquiler-viviendas/sevilla/centro/alameda/,200,centro,alameda,"15,32",40
2024-09-26 19:24:03,https://web.archive.org/web/20240926192403/https://www.idealista.com/alquiler-viviendas/sevilla/centro/alameda/,200,centro,alameda,"14,53",31
2024-11-23 00:19:33,https://web.archive.org/web/20241123001933/https://www.idealista.com/alquiler-viviendas/sevilla/centro/alameda/,200,centro,alameda,"15,95",25
2025-01-23 16:13:41,https://web.archive.org/web/20250123161341/https://www.idealista.com/alquiler-viviendas/sevilla/centro/alameda/,200,centro,alameda,"14,87",31
2024-05-11 11:46:10,https://web.archive.org/web/20240511114610/https://www.idealista.com/alquiler-viviendas/sevilla/nervion/buhaira-huerta-del-rey/,200,nervion,buhaira-huerta-del-rey,"14,12",17
2024-07-16 23:15:43,https://web.archive.org/web/20240716231543/https://www.idealista.com/alquiler-viviendas/sevilla/nervion/buhaira-huerta-del-rey/,200,nervion,buhaira-huerta-del-rey,"14,51",20
2024-08-25 18:44:02,https://web.archive.org/web/20240825184402/https://www.idealista.com/alquiler-viviendas/sevilla/nervion/buhaira-huerta-del-rey/,200,nervion,buhaira-huerta-del-rey,"13,24",20
2024-09-19 22:58:10,https://web.archive.org/web/20240919225810/https://www.idealista.com/alquiler-viviendas/sevilla/nervion/buhaira-huerta-del-rey/,200,nervion,buhaira-huerta-del-rey,"17,29",13
2024-11-18 18:45:23,https://web.archive.org/web/20241118184523/https://www.idealista.com/alquiler-viviendas/sevilla/nervion/buhaira-huerta-del-rey/,200,nervion,buhaira-huerta-del-rey,"15,94",27
2024-12-19 20:45:53,https://web.archive.org/web/20241219204553/https://www.idealista.com/alquiler-viviendas/sevilla/nervion/buhaira-huerta-del-rey/,200,nervion,buhaira-huerta-del-rey,"14,73",34
2025-01-26 15:38:35,https://web.archive.org/web/20250126153835/https://www.idealista.com/alquiler-viviendas/sevilla/nervion/buhaira-huerta-del-rey/,200,nervion,buhaira-huerta-del-rey,"13,94",38
2024-07-26 08:20:10,https://web.archive.org/web/20240726082010/https://www.idealista.com/alquiler-viviendas/sevilla/pino-montano/pino-montano/,200,pino-montano,pino-montano,"8,73",3
2024-07-26 08:32:56,https://web.archive.org/web/20240726083256/https://www.idealista.com/alquiler-viviendas/sevilla/pino-montano/pino-montano/,200,pino-montano,pino-montano,"8,73",3
2024-09-09 17:53:21,https://web.archive.org/web/20240909175321/https://www.idealista.com/alquiler-viviendas/sevilla/pino-montano/pino-montano/,200,pino-montano,pino-montano,"8,97",6
2024-04-06 15:12:44,https://web.archive.org/web/20240406151244/https://www.idealista.com/alquiler-viviendas/sevilla/los-remedios/ramon-de-carranza-madre-rafols/,200,los-remedios,ramon-de-carranza-madre-rafols,"11,15",12
2024-05-14 23:41:26,https://web.archive.org/web/20240514234126/https://www.idealista.com/alquiler-viviendas/sevilla/los-remedios/ramon-de-carranza-madre-rafols/,200,los-remedios,ramon-de-carranza-madre-rafols,"11,94",13
2024-07-17 05:38:25,https://web.archive.org/web/20240717053825/https://www.idealista.com/alquiler-viviendas/sevilla/los-remedios/ramon-de-carranza-madre-rafols/,200,los-remedios,ramon-de-carranza-madre-rafols,"12,78",19
2024-08-30 09:58:04,https://web.archive.org/web/20240830095804/https://www.idealista.com/alquiler-viviendas/sevilla/los-remedios/ramon-de-carranza-madre-rafols/,200,los-remedios,ramon-de-carranza-madre-rafols,"12,89",16
2024-03-19 18:16:44,https://web.archive.org/web/20240319181644/https://www.idealista.com/alquiler-viviendas/sevilla/la-palmera-los-bermejales/reina-mercedes-heliopolis/,200,la-palmera-los-bermejales,reina-mercedes-heliopolis,"11,31",25
2024-07-17 04:37:39,https://web.archive.org/web/20240717043739/https://www.idealista.com/alquiler-viviendas/sevilla/la-palmera-los-bermejales/reina-mercedes-heliopolis/,200,la-palmera-los-bermejales,reina-mercedes-heliopolis,"12,54",32
2024-08-23 08:37:36,https://web.archive.org/web/20240823083736/https://www.idealista.com/alquiler-viviendas/sevilla/la-palmera-los-bermejales/reina-mercedes-heliopolis/,200,la-palmera-los-bermejales,reina-mercedes-heliopolis,"12,22",34
2024-09-17 18:21:06,https://web.archive.org/web/20240917182106/https://www.idealista.com/alquiler-viviendas/sevilla/la-palmera-los-bermejales/reina-mercedes-heliopolis/,200,la-palmera-los-bermejales,reina-mercedes-heliopolis,"11,82",30
2024-11-26 01:26:19,https://web.archive.org/web/20241126012619/https://www.idealista.com/alquiler-viviendas/sevilla/la-palmera-los-bermejales/reina-mercedes-heliopolis/,200,la-palmera-los-bermejales,reina-mercedes-heliopolis,"10,97",17
2025-01-24 12:18:48,https://web.archive.org/web/20250124121848/https://www.idealista.com/alquiler-viviendas/sevilla/la-palmera-los-bermejales/reina-mercedes-heliopolis/,200,la-palmera-los-bermejales,reina-mercedes-heliopolis,"11,77",20
2024-07-16 23:57:55,https://web.archive.org/web/20240716235755/https://www.idealista.com/alquiler-viviendas/sevilla/cerro-amate/amate/,200,cerro-amate,amate,"10,66",6
2024-08-22 13:23:32,https://web.archive.org/web/20240822132332/https://www.idealista.com/alquiler-viviendas/sevilla/cerro-amate/amate/,200,cerro-amate,amate,"11,64",3
2024-07-17 20:08:24,https://web.archive.org/web/20240717200824/https://www.idealista.com/alquiler-viviendas/sevilla/santa-justa-miraflores-cruz-roja/ctra-de-carmona-miraflores/,200,santa-justa-miraflores-cruz-roja,ctra-de-carmona-miraflores,"9,79",3
2024-09-10 08:54:55,https://web.archive.org/web/20240910085455/https://www.idealista.com/alquiler-viviendas/sevilla/santa-justa-miraflores-cruz-roja/ctra-de-carmona-miraflores/,200,santa-justa-miraflores-cruz-roja,ctra-de-carmona-miraflores,"10,65",5
2024-02-24 23:13:03,https://web.archive.org/web/20240224231303/https://www.idealista.com/alquiler-viviendas/sevilla/la-palmera-los-bermejales/palmas-altas/,200,la-palmera-los-bermejales,palmas-altas,"8,11",2
2025-01-26 14:20:23,https://web.archive.org/web/20250126142023/https://www.idealista.com/alquiler-viviendas/sevilla/la-palmera-los-bermejales/palmas-altas/,200,la-palmera-los-bermejales,palmas-altas,"10,59",21
2024-05-11 14:39:26,https://web.archive.org/web/20240511143926/https://www.idealista.com/alquiler-viviendas/sevilla/prado-de-san-sebastian-felipe-ii-bueno-monreal/felipe-ii-bueno-monreal/,200,prado-de-san-sebastian-felipe-ii-bueno-monreal,felipe-ii-bueno-monreal,"12,90",16
2024-07-17 05:32:15,https://web.archive.org/web/20240717053215/https://www.idealista.com/alquiler-viviendas/sevilla/prado-de-san-sebastian-felipe-ii-bueno-monreal/felipe-ii-bueno-monreal/,200,prado-de-san-sebastian-felipe-ii-bueno-monreal,felipe-ii-bueno-monreal,"13,40",19
2024-08-29 10:00:19,https://web.archive.org/web/20240829100019/https://www.idealista.com/alquiler-viviendas/sevilla/prado-de-san-sebastian-felipe-ii-bueno-monreal/felipe-ii-bueno-monreal/,200,prado-de-san-sebastian-felipe-ii-bueno-monreal,felipe-ii-bueno-monreal,"12,96",12
2024-09-17 11:11:19,https://web.archive.org/web/20240917111119/https://www.idealista.com/alquiler-viviendas/sevilla/prado-de-san-sebastian-felipe-ii-bueno-monreal/felipe-ii-bueno-monreal/,200,prado-de-san-sebastian-felipe-ii-bueno-monreal,felipe-ii-bueno-monreal,"12,15",12
2024-11-18 00:23:55,https://web.archive.org/web/20241118002355/https://www.idealista.com/alquiler-viviendas/sevilla/prado-de-san-sebastian-felipe-ii-bueno-monreal/felipe-ii-bueno-monreal/,200,prado-de-san-sebastian-felipe-ii-bueno-monreal,felipe-ii-bueno-monreal,"12,61",11
2024-12-23 10:45:23,https://web.archive.org/web/20241223104523/https://www.idealista.com/alquiler-viviendas/sevilla/prado-de-san-sebastian-felipe-ii-bueno-monreal/felipe-ii-bueno-monreal/,200,prado-de-san-sebastian-felipe-ii-bueno-monreal,felipe-ii-bueno-monreal,"13,91",13
2025-01-27 10:28:28,https://web.archive.org/web/20250127102828/https://www.idealista.com/alquiler-viviendas/sevilla/prado-de-san-sebastian-felipe-ii-bueno-monreal/felipe-ii-bueno-monreal/,200,prado-de-san-sebastian-felipe-ii-bueno-monreal,felipe-ii-bueno-monreal,"13,54",18
2024-02-25 08:33:56,https://web.archive.org/web/20240225083356/https://www.idealista.com/alquiler-viviendas/sevilla/valdezorras-el-gordillo/valdezorras-el-gordillo/,200,valdezorras-el-gordillo,valdezorras-el-gordillo,"12,31",
2024-05-11 12:16:43,https://web.archive.org/web/20240511121643/https://www.idealista.com/alquiler-viviendas/sevilla/centro/feria/,200,centro,feria,"17,29",17
2024-07-17 01:45:02,https://web.archive.org/web/20240717014502/https://www.idealista.com/alquiler-viviendas/sevilla/centro/feria/,200,centro,feria,"14,57",41
2024-08-25 08:44:17,https://web.archive.org/web/20240825084417/https://www.idealista.com/alquiler-viviendas/sevilla/centro/feria/,200,centro,feria,"15,17",23
2024-05-16 09:03:06,https://web.archive.org/web/20240516090306/https://www.idealista.com/alquiler-viviendas/sevilla/cerro-amate/la-plata/,200,cerro-amate,la-plata,"9,68",3
2024-07-18 08:40:23,https://web.archive.org/web/20240718084023/https://www.idealista.com/alquiler-viviendas/sevilla/cerro-amate/la-plata/,200,cerro-amate,la-plata,"9,62",5
2024-09-17 13:27:06,https://web.archive.org/web/20240917132706/https://www.idealista.com/alquiler-viviendas/sevilla/cerro-amate/la-plata/,200,cerro-amate,la-plata,"9,86",4
2024-12-01 18:06:55,https://web.archive.org/web/20241201180655/https://www.idealista.com/alquiler-viviendas/sevilla/cerro-amate/la-plata/,200,cerro-amate,la-plata,"12,65",2
2024-12-28 19:23:48,https://web.archive.org/web/20241228192348/https://www.idealista.com/alquiler-viviendas/sevilla/cerro-amate/la-plata/,200,cerro-amate,la-plata,"10,18",2
2025-01-27 10:47:12,https://web.archive.org/web/20250127104712/https://www.idealista.com/alquiler-viviendas/sevilla/cerro-amate/la-plata/,200,cerro-amate,la-plata,"13,59",2
2024-05-11 12:00:38,https://web.archive.org/web/20240511120038/https://www.idealista.com/alquiler-viviendas/sevilla/santa-justa-miraflores-cruz-roja/arroyo-santa-justa/,200,santa-justa-miraflores-cruz-roja,arroyo-santa-justa,"10,53",29
2024-07-17 07:42:20,https://web.archive.org/web/20240717074220/https://www.idealista.com/alquiler-viviendas/sevilla/santa-justa-miraflores-cruz-roja/arroyo-santa-justa/,200,santa-justa-miraflores-cruz-roja,arroyo-santa-justa,"11,44",46
2024-08-22 11:39:01,https://web.archive.org/web/20240822113901/https://www.idealista.com/alquiler-viviendas/sevilla/santa-justa-miraflores-cruz-roja/arroyo-santa-justa/,200,santa-justa-miraflores-cruz-roja,arroyo-santa-justa,"12,02",42
2024-09-15 18:05:22,https://web.archive.org/web/20240915180522/https://www.idealista.com/alquiler-viviendas/sevilla/santa-justa-miraflores-cruz-roja/arroyo-santa-justa/,200,santa-justa-miraflores-cruz-roja,arroyo-santa-justa,"12,17",31
2024-12-15 19:36:32,https://web.archive.org/web/20241215193632/https://www.idealista.com/alquiler-viviendas/sevilla/santa-justa-miraflores-cruz-roja/arroyo-santa-justa/,200,santa-justa-miraflores-cruz-roja,arroyo-santa-justa,"12,13",13
2025-01-26 17:56:21,https://web.archive.org/web/20250126175621/https://www.idealista.com/alquiler-viviendas/sevilla/santa-justa-miraflores-cruz-roja/arroyo-santa-justa/,200,santa-justa-miraflores-cruz-roja,arroyo-santa-justa,"12,62",15
2024-08-28 12:38:22,https://web.archive.org/web/20240828123822/https://www.idealista.com/alquiler-viviendas/sevilla/sevilla-este/alcalde-l-urunuela-palacio-de-congresos/,200,sevilla-este,alcalde-l-urunuela-palacio-de-congresos,"11,79",13
2024-09-18 10:13:10,https://web.archive.org/web/20240918101310/https://www.idealista.com/alquiler-viviendas/sevilla/sevilla-este/alcalde-l-urunuela-palacio-de-congresos/,200,sevilla-este,alcalde-l-urunuela-palacio-de-congresos,"12,44",15
2024-12-18 13:46:51,https://web.archive.org/web/20241218134651/https://www.idealista.com/alquiler-viviendas/sevilla/sevilla-este/alcalde-l-urunuela-palacio-de-congresos/,200,sevilla-este,alcalde-l-urunuela-palacio-de-congresos,"13,55",15
2025-01-27 10:42:07,https://web.archive.org/web/20250127104207/https://www.idealista.com/alquiler-viviendas/sevilla/sevilla-este/alcalde-l-urunuela-palacio-de-congresos/,200,sevilla-este,alcalde-l-urunuela-palacio-de-congresos,"13,96",21
2024-04-09 11:53:31,https://web.archive.org/web/20240409115331/https://www.idealista.com/alquiler-viviendas/sevilla/macarena/doctor-fedriani/,200,macarena,doctor-fedriani,"11,23",18
2024-05-11 14:50:30,https://web.archive.org/web/20240511145030/https://www.idealista.com/alquiler-viviendas/sevilla/macarena/doctor-fedriani/,200,macarena,doctor-fedriani,"11,32",36
2024-07-17 05:11:27,https://web.archive.org/web/20240717051127/https://www.idealista.com/alquiler-viviendas/sevilla/macarena/doctor-fedriani/,200,macarena,doctor-fedriani,"11,29",82
2024-08-22 09:24:35,https://web.archive.org/web/20240822092435/https://www.idealista.com/alquiler-viviendas/sevilla/macarena/doctor-fedriani/,200,macarena,doctor-fedriani,"11,45",71
2024-09-17 11:05:07,https://web.archive.org/web/20240917110507/https://www.idealista.com/alquiler-viviendas/sevilla/macarena/doctor-fedriani/,200,macarena,doctor-fedriani,"11,66",51
2024-11-22 21:53:25,https://web.archive.org/web/20241122215325/https://www.idealista.com/alquiler-viviendas/sevilla/macarena/doctor-fedriani/,200,macarena,doctor-fedriani,"12,97",15
2024-05-14 23:47:20,https://web.archive.org/web/20240514234720/https://www.idealista.com/alquiler-viviendas/sevilla/cerro-amate/santa-aurelia/,200,cerro-amate,santa-aurelia,"9,15",7
2024-07-17 01:58:59,https://web.archive.org/web/20240717015859/https://www.idealista.com/alquiler-viviendas/sevilla/cerro-amate/santa-aurelia/,200,cerro-amate,santa-aurelia,"8,99",7
2024-08-27 10:13:41,https://web.archive.org/web/20240827101341/https://www.idealista.com/alquiler-viviendas/sevilla/cerro-amate/santa-aurelia/,200,cerro-amate,santa-aurelia,"8,83",10
2024-09-17 18:29:31,https://web.archive.org/web/20240917182931/https://www.idealista.com/alquiler-viviendas/sevilla/cerro-amate/santa-aurelia/,200,cerro-amate,santa-aurelia,"9,23",8
2024-11-25 19:30:58,https://web.archive.org/web/20241125193058/https://www.idealista.com/alquiler-viviendas/sevilla/cerro-amate/santa-aurelia/,200,cerro-amate,santa-aurelia,"10,08",7
2024-04-09 12:23:24,https://web.archive.org/web/20240409122324/https://www.idealista.com/alquiler-viviendas/sevilla/cerro-amate/su-eminencia-la-oliva/,200,cerro-amate,su-eminencia-la-oliva,"11,19",15
2024-05-15 09:10:08,https://web.archive.org/web/20240515091008/https://www.idealista.com/alquiler-viviendas/sevilla/cerro-amate/su-eminencia-la-oliva/,200,cerro-amate,su-eminencia-la-oliva,"11,25",17
2024-07-17 01:05:11,https://web.archive.org/web/20240717010511/https://www.idealista.com/alquiler-viviendas/sevilla/cerro-amate/su-eminencia-la-oliva/,200,cerro-amate,su-eminencia-la-oliva,"11,83",27
2024-08-23 08:12:29,https://web.archive.org/web/20240823081229/https://www.idealista.com/alquiler-viviendas/sevilla/cerro-amate/su-eminencia-la-oliva/,200,cerro-amate,su-eminencia-la-oliva,"11,59",24
2024-09-17 10:54:43,https://web.archive.org/web/20240917105443/https://www.idealista.com/alquiler-viviendas/sevilla/cerro-amate/su-eminencia-la-oliva/,200,cerro-amate,su-eminencia-la-oliva,"10,85",25
2024-11-17 04:08:34,https://web.archive.org/web/20241117040834/https://www.idealista.com/alquiler-viviendas/sevilla/cerro-amate/su-eminencia-la-oliva/,200,cerro-amate,su-eminencia-la-oliva,"9,24",16
2024-05-11 14:16:59,https://web.archive.org/web/20240511141659/https://www.idealista.com/alquiler-viviendas/sevilla/los-remedios/asuncion-adolfo-suarez/,200,los-remedios,asuncion-adolfo-suarez,"15,24",21
2024-07-17 05:47:03,https://web.archive.org/web/20240717054703/https://www.idealista.com/alquiler-viviendas/sevilla/los-remedios/asuncion-adolfo-suarez/,200,los-remedios,asuncion-adolfo-suarez,"14,81",40
2024-08-27 15:53:10,https://web.archive.org/web/20240827155310/https://www.idealista.com/alquiler-viviendas/sevilla/los-remedios/asuncion-adolfo-suarez/,200,los-remedios,asuncion-adolfo-suarez,"14,98",30
2024-09-17 09:39:49,https://web.archive.org/web/20240917093949/https://www.idealista.com/alquiler-viviendas/sevilla/los-remedios/asuncion-adolfo-suarez/,200,los-remedios,asuncion-adolfo-suarez,"13,75",22
2024-11-23 05:12:57,https://web.archive.org/web/20241123051257/https://www.idealista.com/alquiler-viviendas/sevilla/los-remedios/asuncion-adolfo-suarez/,200,los-remedios,asuncion-adolfo-suarez,"15,15",26
2024-12-13 05:15:00,https://web.archive.org/web/20241213051500/https://www.idealista.com/alquiler-viviendas/sevilla/los-remedios/asuncion-adolfo-suarez/,200,los-remedios,asuncion-adolfo-suarez,"14,86",23
2025-01-23 18:46:25,https://web.archive.org/web/20250123184625/https://www.idealista.com/alquiler-viviendas/sevilla/los-remedios/asuncion-adolfo-suarez/,200,los-remedios,asuncion-adolfo-suarez,"14,96",21
2024-05-11 14:30:55,https://web.archive.org/web/20240511143055/https://www.idealista.com/alquiler-viviendas/sevilla/nervion/gran-plaza-marques-de-pickman-ciudad-jardin/,200,nervion,gran-plaza-marques-de-pickman-ciudad-jardin,"13,80",37
2024-07-17 02:51:58,https://web.archive.org/web/20240717025158/https://www.idealista.com/alquiler-viviendas/sevilla/nervion/gran-plaza-marques-de-pickman-ciudad-jardin/,200,nervion,gran-plaza-marques-de-pickman-ciudad-jardin,"13,39",50
2024-08-25 11:12:24,https://web.archive.org/web/20240825111224/https://www.idealista.com/alquiler-viviendas/sevilla/nervion/gran-plaza-marques-de-pickman-ciudad-jardin/,200,nervion,gran-plaza-marques-de-pickman-ciudad-jardin,"13,38",36
2024-09-17 14:20:07,https://web.archive.org/web/20240917142007/https://www.idealista.com/alquiler-viviendas/sevilla/nervion/gran-plaza-marques-de-pickman-ciudad-jardin/,200,nervion,gran-plaza-marques-de-pickman-ciudad-jardin,"13,41",33
2024-12-24 12:58:29,https://web.archive.org/web/20241224125829/https://www.idealista.com/alquiler-viviendas/sevilla/nervion/gran-plaza-marques-de-pickman-ciudad-jardin/,200,nervion,gran-plaza-marques-de-pickman-ciudad-jardin,"14,21",19
2025-01-27 10:59:07,https://web.archive.org/web/20250127105907/https://www.idealista.com/alquiler-viviendas/sevilla/la-palmera-los-bermejales/los-bermejales/,200,la-palmera-los-bermejales,los-bermejales,"10,75",18
2025-01-24 12:20:22,https://web.archive.org/web/20250124122022/https://www.idealista.com/alquiler-viviendas/sevilla/macarena/parlamento-torneo/,200,macarena,parlamento-torneo,"12,39",14
2024-09-19 12:38:05,https://web.archive.org/web/20240919123805/https://www.idealista.com/alquiler-viviendas/sevilla/santa-justa-miraflores-cruz-roja/ctra-de-carmona-miraflores/,200,santa-justa-miraflores-cruz-roja,ctra-de-carmona-miraflores,"10,15",6
2024-11-26 23:51:35,https://web.archive.org/web/20241126235135/https://www.idealista.com/alquiler-viviendas/sevilla/santa-justa-miraflores-cruz-roja/ctra-de-carmona-miraflores/,200,santa-justa-miraflores-cruz-roja,ctra-de-carmona-miraflores,"33,92",2
2025-01-26 23:07:27,https://web.archive.org/web/20250126230727/https://www.idealista.com/alquiler-viviendas/sevilla/santa-justa-miraflores-cruz-roja/ctra-de-carmona-miraflores/,200,santa-justa-miraflores-cruz-roja,ctra-de-carmona-miraflores,"20,33",5
2024-04-25 11:30:16,https://web.archive.org/web/20240425113016/https://www.idealista.com/alquiler-viviendas/sevilla/sevilla-este/emilio-lemos/,200,sevilla-este,emilio-lemos,"9,95",10
2024-05-11 12:15:47,https://web.archive.org/web/20240511121547/https://www.idealista.com/alquiler-viviendas/sevilla/sevilla-este/emilio-lemos/,200,sevilla-este,emilio-lemos,"10,09",10
2024-07-16 19:48:17,https://web.archive.org/web/20240716194817/https://www.idealista.com/alquiler-viviendas/sevilla/sevilla-este/emilio-lemos/,200,sevilla-este,emilio-lemos,"10,90",15
2024-07-16 19:55:57,https://web.archive.org/web/20240716195557/https://www.idealista.com/alquiler-viviendas/sevilla/santa-clara/santa-clara/,200,santa-clara,santa-clara,"11,89",6
2025-01-30 09:08:24,https://web.archive.org/web/20250130090824/https://www.idealista.com/alquiler-viviendas/sevilla/santa-justa-miraflores-cruz-roja/la-salle-avd-manuel-del-valle-las-naciones/,200,santa-justa-miraflores-cruz-roja,la-salle-avd-manuel-del-valle-las-naciones,"10,22",5
2024-04-08 10:06:38,https://web.archive.org/web/20240408100638/https://www.idealista.com/alquiler-viviendas/sevilla/cerro-amate/juan-xxiii/,200,cerro-amate,juan-xxiii,"10,04",7
2024-09-07 08:33:10,https://web.archive.org/web/20240907083310/https://www.idealista.com/alquiler-viviendas/sevilla/cerro-amate/juan-xxiii/,200,cerro-amate,juan-xxiii,"11,31",5
2024-09-26 11:35:18,https://web.archive.org/web/20240926113518/https://www.idealista.com/alquiler-viviendas/sevilla/cerro-amate/juan-xxiii/,200,cerro-amate,juan-xxiii,"10,98",5
2024-12-08 11:45:15,https://web.archive.org/web/20241208114515/https://www.idealista.com/alquiler-viviendas/sevilla/cerro-amate/juan-xxiii/,200,cerro-amate,juan-xxiii,"9,39",3
2025-01-30 12:26:48,https://web.archive.org/web/20250130122648/https://www.idealista.com/alquiler-viviendas/sevilla/sevilla-este/avenida-de-las-ciencias/,200,sevilla-este,avenida-de-las-ciencias,"12,12",25
2025-01-17 22:55:37,https://web.archive.org/web/20250117225537/https://www.idealista.com/alquiler-viviendas/sevilla/triana/isla-de-la-cartuja/,200,triana,isla-de-la-cartuja,"56,25",
2024-09-17 13:07:01,https://web.archive.org/web/20240917130701/https://www.idealista.com/alquiler-viviendas/sevilla/prado-de-san-sebastian-felipe-ii-bueno-monreal/tiro-de-linea/,200,prado-de-san-sebastian-felipe-ii-bueno-monreal,tiro-de-linea,"12,53",36
2024-11-19 08:13:11,https://web.archive.org/web/20241119081311/https://www.idealista.com/alquiler-viviendas/sevilla/cerro-amate/rochelambert/,200,cerro-amate,rochelambert,"9,17",2
2025-01-30 16:29:57,https://web.archive.org/web/20250130162957/https://www.idealista.com/alquiler-viviendas/sevilla/nervion/gran-plaza-marques-de-pickman-ciudad-jardin/,200,nervion,gran-plaza-marques-de-pickman-ciudad-jardin,"14,75",21
2025-01-24 10:54:14,https://web.archive.org/web/20250124105414/https://www.idealista.com/alquiler-viviendas/sevilla/macarena/doctor-fedriani/,200,macarena,doctor-fedriani,"11,96",21
2025-01-24 13:24:53,https://web.archive.org/web/20250124132453/https://www.idealista.com/alquiler-viviendas/sevilla/centro/puerta-de-la-carne-juderia/,200,centro,puerta-de-la-carne-juderia,"15,11",11
2024-09-19 17:31:01,https://web.archive.org/web/20240919173101/https://www.idealista.com/alquiler-viviendas/sevilla/centro/feria/,200,centro,feria,"15,64",21
2025-01-30 13:30:25,https://web.archive.org/web/20250130133025/https://www.idealista.com/alquiler-viviendas/sevilla/santa-clara/santa-clara/,200,santa-clara,santa-clara,"11,74",6
2024-08-29 09:39:22,https://web.archive.org/web/20240829093922/https://www.idealista.com/alquiler-viviendas/sevilla/cerro-amate/la-plata/,200,cerro-amate,la-plata,"9,27",3
2025-01-30 12:08:29,https://web.archive.org/web/20250130120829/https://www.idealista.com/alquiler-viviendas/sevilla/cerro-amate/palmete-padre-pio-hacienda-san-antonio/,200,cerro-amate,palmete-padre-pio-hacienda-san-antonio,"9,61",8
2024-10-02 12:31:38,https://web.archive.org/web/20241002123138/https://www.idealista.com/alquiler-viviendas/sevilla/sevilla-este/emilio-lemos/,200,sevilla-este,emilio-lemos,"10,08",5
2025-01-24 13:24:51,https://web.archive.org/web/20250124132451/https://www.idealista.com/alquiler-viviendas/sevilla/sevilla-este/emilio-lemos/,200,sevilla-este,emilio-lemos,"10,20",9
2024-09-18 18:25:17,https://web.archive.org/web/20240918182517/https://www.idealista.com/alquiler-viviendas/sevilla/los-remedios/ramon-de-carranza-madre-rafols/,200,los-remedios,ramon-de-carranza-madre-rafols,"12,42",15
2025-01-26 18:15:59,https://web.archive.org/web/20250126181559/https://www.idealista.com/alquiler-viviendas/sevilla/los-remedios/ramon-de-carranza-madre-rafols/,200,los-remedios,ramon-de-carranza-madre-rafols,"12,45",14
2025-01-26 23:14:01,https://web.archive.org/web/20250126231401/https://www.idealista.com/alquiler-viviendas/sevilla/nervion/la-florida/,200,nervion,la-florida,"14,47",13
2024-04-09 07:30:10,https://web.archive.org/web/20240409073010/https://www.idealista.com/alquiler-viviendas/sevilla/triana/el-tardon/,200,triana,el-tardon,"14,67",17
2024-05-16 08:22:09,https://web.archive.org/web/20240516082209/https://www.idealista.com/alquiler-viviendas/sevilla/triana/el-tardon/,200,triana,el-tardon,"14,26",28
2024-09-17 16:14:36,https://web.archive.org/web/20240917161436/https://www.idealista.com/alquiler-viviendas/sevilla/triana/el-tardon/,200,triana,el-tardon,"14,02",14
2024-12-19 20:25:58,https://web.archive.org/web/20241219202558/https://www.idealista.com/alquiler-viviendas/sevilla/triana/el-tardon/,200,triana,el-tardon,"13,66",11
2025-01-30 11:30:41,https://web.archive.org/web/20250130113041/https://www.idealista.com/alquiler-viviendas/sevilla/triana/el-tardon/,200,triana,el-tardon,"12,94",8
2023-12-16 16:49:51,https://web.archive.org/web/20231216164951/https://www.idealista.com/alquiler-viviendas/sevilla/cerro-amate/los-pajaritos/,200,cerro-amate,los-pajaritos,"10,00",3
2024-05-15 17:19:27,https://web.archive.org/web/20240515171927/https://www.idealista.com/alquiler-viviendas/sevilla/cerro-amate/los-pajaritos/,200,cerro-amate,los-pajaritos,"10,71",
2024-07-16 23:54:08,https://web.archive.org/web/20240716235408/https://www.idealista.com/alquiler-viviendas/sevilla/cerro-amate/los-pajaritos/,200,cerro-amate,los-pajaritos,"12,26",
2024-08-23 12:31:20,https://web.archive.org/web/20240823123120/https://www.idealista.com/alquiler-viviendas/sevilla/cerro-amate/los-pajaritos/,200,cerro-amate,los-pajaritos,"12,38",
2024-12-23 10:25:19,https://web.archive.org/web/20241223102519/https://www.idealista.com/alquiler-viviendas/sevilla/cerro-amate/los-pajaritos/,200,cerro-amate,los-pajaritos,"13,46",2
2025-01-24 11:22:16,https://web.archive.org/web/20250124112216/https://www.idealista.com/alquiler-viviendas/sevilla/cerro-amate/los-pajaritos/,200,cerro-amate,los-pajaritos,"13,12",4
2025-01-30 15:29:47,https://web.archive.org/web/20250130152947/https://www.idealista.com/alquiler-viviendas/sevilla/macarena/los-carteros-san-diego/,200,macarena,los-carteros-san-diego,"8,64",2
2024-07-17 14:34:36,https://web.archive.org/web/20240717143436/https://www.idealista.com/alquiler-viviendas/sevilla/triana/el-tardon/,200,triana,el-tardon,"13,45",18
2024-08-26 07:51:35,https://web.archive.org/web/20240826075135/https://www.idealista.com/alquiler-viviendas/sevilla/triana/el-tardon/,200,triana,el-tardon,"13,08",17
2025-01-30 14:13:19,https://web.archive.org/web/20250130141319/https://www.idealista.com/alquiler-viviendas/sevilla/macarena/pio-xii/,200,macarena,pio-xii,"11,38",10
2025-02-06 17:37:38,https://web.archive.org/web/20250206173738/https://www.idealista.com/alquiler-viviendas/sevilla/santa-justa-miraflores-cruz-roja/cruz-roja-capuchinos/,200,santa-justa-miraflores-cruz-roja,cruz-roja-capuchinos,"12,99",9
2025-02-10 16:47:49,https://web.archive.org/web/20250210164749/https://www.idealista.com/alquiler-viviendas/sevilla/cerro-amate/santa-aurelia/,200,cerro-amate,santa-aurelia,"10,47",5
2025-02-16 09:40:07,https://web.archive.org/web/20250216094007/https://www.idealista.com/alquiler-viviendas/sevilla/valdezorras-el-gordillo/valdezorras-el-gordillo/,200,valdezorras-el-gordillo,valdezorras-el-gordillo,"17,58",5
